depth,n_train,kernel,best_C,cv_mean,cv_std,test_acc,wall_s,posthoc_offdiag_mean,posthoc_offdiag_std,posthoc_x0.1_best_C,posthoc_x0.1_cv_mean,posthoc_x0.1_cv_std,posthoc_x0.1_test_acc,posthoc_x0.1_offdiag_mean,posthoc_x0.1_offdiag_std
1,20,Q,1.0,0.8,0.2449489742783178,0.65,2.379500389099121,0.10244591222134158,0.11680739262934614,0.1,1.0,0.0,1.0,0.47985203622234923,0.2407850130457901
2,20,Q,0.1,0.8,0.2449489742783178,0.8,3.391604423522949,0.0897421356140753,0.10534574669228468,10.0,1.0,0.0,0.9,0.39413809479638495,0.2601655930246653
3,20,Q,10.0,0.75,0.15811388300841897,0.65,4.65372896194458,0.08257913716655536,0.08826684499646685,1.0,1.0,0.0,1.0,0.3059781097694213,0.256418747538782
0,20,RBF,0.1,1.0,0.0,1.0,0.03361225128173828,0.3240084946155548,0.3353322446346283,,,,,,
1,40,Q,1.0,0.9,0.049999999999999996,0.95,6.177222728729248,0.09476580160013917,0.11532279090415358,0.1,1.0,0.0,1.0,0.5214831426692941,0.24036449474115096
2,40,Q,0.1,0.7,0.12747548783981963,0.7,9.324262857437134,0.1001675591564401,0.10899766505198435,1.0,1.0,0.0,1.0,0.4264659164002005,0.2586095870320898
3,40,Q,1.0,0.825,0.1274754878398196,0.7,12.293269157409668,0.09066349103397503,0.09731407046323573,1.0,1.0,0.0,0.95,0.32496543721722976,0.2635734856475562
0,40,RBF,0.1,1.0,0.0,1.0,0.033606767654418945,0.3513123393058777,0.3529336750507355,,,,,,
1,80,Q,0.1,0.95,0.024999999999999998,0.95,18.388610363006592,0.09493457665169651,0.10144834483878416,0.1,1.0,0.0,1.0,0.4984453137252475,0.25851692693932105
2,80,Q,0.1,0.7875,0.10897247358851683,0.8,27.837449073791504,0.07701849435154236,0.07875041108176993,1.0,1.0,0.0,1.0,0.42890649773028805,0.25289632250378913
3,80,Q,0.1,0.6625,0.1015504800579495,0.5,36.669758796691895,0.07489068510298352,0.07235051825127231,1.0,1.0,0.0,1.0,0.27940283448780023,0.2538182727378932
0,80,RBF,0.1,1.0,0.0,1.0,0.03182506561279297,0.34002211689949036,0.34099042415618896,,,,,,
